,title,artist,genre,year,bpm,energy,dance,dB,duration,popularity
1,"Hey, Soul Sister",Train,neo mellow,2010,97,89,67,-4,217,83
2,Love The Way You Lie,Eminem,detroit hip hop,2010,87,93,75,-5,263,82
3,TiK ToK,Kesha,dance pop,2010,120,84,76,-3,200,80
4,Bad Romance,Lady Gaga,dance pop,2010,119,92,70,-4,295,79
5,Just the Way You Are,Bruno Mars,pop,2010,109,84,64,-5,221,78
6,Baby,Justin Bieber,canadian pop,2010,65,86,73,-5,214,77
7,Dynamite,Taio Cruz,dance pop,2010,120,78,75,-4,203,77
8,Secrets,OneRepublic,dance pop,2010,148,76,52,-6,225,77
9,Empire State of Mind (Part II) Broken Down,Alicia Keys,hip pop,2010,93,37,48,-8,216,76
10,Only Girl (In The World),Rihanna,barbadian pop,2010,126,72,79,-4,235,73
11,Club Can't Handle Me (feat. David Guetta),Flo Rida,dance pop,2010,128,87,62,-4,235,73
12,Marry You,Bruno Mars,pop,2010,145,83,62,-5,230,73
13,Cooler Than Me - Single Mix,Mike Posner,dance pop,2010,130,82,77,-5,213,73
14,Telephone,Lady Gaga,dance pop,2010,122,83,83,-6,221,73
15,Like A G6,Far East Movement,dance pop,2010,125,84,44,-8,217,72
16,OMG (feat. will.i.am),Usher,atl hip hop,2010,130,75,78,-6,269,72
17,Eenie Meenie,Sean Kingston,dance pop,2010,121,61,72,-4,202,71
18,The Time (Dirty Bit),The Black Eyed Peas,dance pop,2010,128,81,82,-8,308,70
19,Alejandro,Lady Gaga,dance pop,2010,99,80,63,-7,274,69
20,Your Love Is My Drug,Kesha,dance pop,2010,120,61,83,-4,187,69
21,Meet Me Halfway,The Black Eyed Peas,dance pop,2010,130,63,80,-7,284,68
22,Whataya Want from Me,Adam Lambert,australian pop,2010,186,68,44,-5,227,66
23,Take It Off,Kesha,dance pop,2010,125,68,73,-5,215,66
24,Misery,Maroon 5,pop,2010,103,81,70,-5,216,65
25,All The Right Moves,OneRepublic,dance pop,2010,146,95,53,-4,238,65
26,Animal,Neon Trees,indie pop,2010,148,83,48,-6,212,65
27,Naturally,Selena Gomez & The Scene,dance pop,2010,133,90,61,-5,203,64
28,I Like It,Enrique Iglesias,dance pop,2010,129,94,65,-3,231,63
29,Teenage Dream,Katy Perry,dance pop,2010,120,80,72,-5,228,63
30,California Gurls,Katy Perry,dance pop,2010,125,75,79,-4,235,62
31,3,Britney Spears,dance pop,2010,135,71,70,-2,213,62
32,My First Kiss - feat. Ke$ha,3OH!3,dance pop,2010,138,89,68,-4,192,62
33,Blah Blah Blah (feat. 3OH!3),Kesha,dance pop,2010,120,84,75,-3,172,62
34,Imma Be,The Black Eyed Peas,dance pop,2010,92,52,60,-7,258,62
35,Try Sleeping with a Broken Heart,Alicia Keys,hip pop,2010,111,82,50,-5,249,62
36,Sexy Bitch (feat. Akon),David Guetta,dance pop,2010,130,63,81,-5,196,61
37,Bound To You - Burlesque Original Motion Picture Soundtrack,Christina Aguilera,dance pop,2010,164,41,29,-5,264,61
38,If I Had You,Adam Lambert,australian pop,2010,131,91,65,-4,228,59
39,Rock That Body,The Black Eyed Peas,dance pop,2010,125,91,72,-6,269,59
40,Dog Days Are Over,Florence + The Machine,art pop,2010,150,81,50,-5,253,58
41,Something's Got A Hold On Me - Burlesque Original Motion Picture Soundtrack,Christina Aguilera,dance pop,2010,150,85,51,-4,185,58
42,Doesn't Mean Anything,Alicia Keys,hip pop,2010,104,41,71,-7,273,57
43,Hard,Rihanna,barbadian pop,2010,182,75,31,-4,251,57
44,Loca,Shakira,colombian pop,2010,112,87,80,-4,193,56
45,You Lost Me,Christina Aguilera,dance pop,2010,43,39,23,-6,257,56
46,Not Myself Tonight,Christina Aguilera,dance pop,2010,120,81,76,-5,186,55
47,Written in the Stars (feat. Eric Turner),Tinie Tempah,dance pop,2010,91,95,64,-4,220,52
48,DJ Got Us Fallin' In Love (feat. Pitbull),Usher,atl hip hop,2010,120,86,66,-3,221,52
49,Castle Walls (feat. Christina Aguilera),T.I.,atl hip hop,2010,80,86,45,-5,329,49
50,Break Your Heart,Taio Cruz,dance pop,2010,122,90,67,-5,186,33
51,Hello,Martin Solveig,big room,2010,128,98,67,-3,191,0
52,A Thousand Years,Christina Perri,dance pop,2011,139,41,42,-7,285,81
53,Someone Like You,Adele,british soul,2011,135,33,56,-8,285,80
54,Give Me Everything,Pitbull,dance pop,2011,129,94,67,-3,252,79
55,Just the Way You Are,Bruno Mars,pop,2011,109,84,64,-5,221,78
56,Rolling in the Deep,Adele,british soul,2011,105,76,73,-5,228,76
57,Run the World (Girls),Beyoncé,dance pop,2011,127,90,73,-4,236,76
58,Moves Like Jagger - Studio Recording From The Voice Performance,Maroon 5,pop,2011,128,76,72,-4,201,76
59,Love On Top,Beyoncé,dance pop,2011,94,75,65,-5,267,76
60,Grenade,Bruno Mars,pop,2011,110,56,71,-7,223,75
61,Tonight Tonight,Hot Chelle Rae,dance pop,2011,100,78,69,-5,200,75
62,What the Hell,Avril Lavigne,canadian pop,2011,150,93,58,-4,221,74
63,Born This Way,Lady Gaga,dance pop,2011,124,83,59,-5,260,73
64,Monster,Kanye West,chicago rap,2011,125,69,63,-6,379,73
65,Marry You,Bruno Mars,pop,2011,145,83,62,-5,230,73
66,Best Thing I Never Had,Beyoncé,dance pop,2011,99,65,55,-4,254,73
67,Party Rock Anthem,LMFAO,dance pop,2011,130,74,75,-4,262,72
68,We R Who We R,Kesha,dance pop,2011,120,82,74,-5,205,72
69,Price Tag,Jessie J,australian pop,2011,175,83,64,-4,223,72
70,Good Life,OneRepublic,dance pop,2011,95,69,63,-8,253,72
71,Just Can’t Get Enough,The Black Eyed Peas,dance pop,2011,94,63,66,-9,219,71
72,On The Floor,Jennifer Lopez,dance pop,2011,130,78,73,-5,285,69
73,What's My Name?,Rihanna,barbadian pop,2011,100,79,69,-3,263,69
74,Yeah 3x,Chris Brown,dance pop,2011,130,88,71,-3,242,69
75,Without You (feat. Usher),David Guetta,dance pop,2011,128,61,61,-4,208,68
76,Sexy And I Know It,LMFAO,dance pop,2011,130,86,71,-4,199,67
77,The Edge Of Glory,Lady Gaga,dance pop,2011,128,77,58,-6,321,67
78,E.T.,Katy Perry,dance pop,2011,152,87,62,-5,230,66
79,Till the World Ends,Britney Spears,dance pop,2011,132,71,69,-6,238,65
80,I Wanna Go,Britney Spears,dance pop,2011,130,55,70,-7,210,64
81,Blow,Kesha,dance pop,2011,120,73,75,-4,220,64
82,You And I,Lady Gaga,dance pop,2011,127,70,52,-5,307,64
83,Judas,Lady Gaga,dance pop,2011,131,93,66,-4,249,63
84,Tonight (I'm Fuckin' You),Enrique Iglesias,dance pop,2011,126,89,65,-4,232,63
85,Please Don't Go,Mike Posner,dance pop,2011,120,88,70,-4,197,63
86,We Found Love,Rihanna,barbadian pop,2011,128,77,73,-4,215,61
87,Marry The Night,Lady Gaga,dance pop,2011,131,88,61,-4,265,61
88,1+1,Beyoncé,dance pop,2011,63,38,30,-7,274,60
89,Hold It Against Me,Britney Spears,dance pop,2011,133,72,65,-5,229,59
90,I'm Into You,Jennifer Lopez,dance pop,2011,84,75,59,-4,200,59
91,Papi,Jennifer Lopez,dance pop,2011,120,81,71,-5,223,58
92,Cheers (Drink To That),Rihanna,barbadian pop,2011,80,91,58,-4,262,58
93,S&M Remix,Rihanna,barbadian pop,2011,128,81,82,-3,257,54
94,Written in the Stars (feat. Eric Turner),Tinie Tempah,dance pop,2011,91,95,64,-4,220,52
95,Jar of Hearts,Christina Perri,dance pop,2011,75,35,35,-6,247,50
96,Castle Walls (feat. Christina Aguilera),T.I.,atl hip hop,2011,80,86,45,-5,329,49
97,Turning Page,Sleeping At Last,acoustic pop,2011,125,38,30,-8,255,46
98,Super Bass,Nicki Minaj,dance pop,2011,127,74,77,-7,201,38
99,Raise Your Glass,P!nk,dance pop,2011,122,64,68,-7,208,38
100,Invading My Mind,Jennifer Lopez,dance pop,2011,129,88,73,-4,201,31
101,Moment 4 Life - Album Version (Edited),Nicki Minaj,dance pop,2011,130,88,50,-4,279,28
102,Last Friday Night (T.G.I.F.),Katy Perry,dance pop,2011,126,81,65,-4,231,27
103,Firework,Katy Perry,dance pop,2011,124,83,64,-5,228,25
104,Muny - Album Version (Edited),Nicki Minaj,dance pop,2011,98,72,80,-5,227,7
105,Titanium (feat. Sia),David Guetta,dance pop,2012,126,79,60,-4,245,80
106,Locked Out of Heaven,Bruno Mars,pop,2012,144,70,73,-4,233,79
107,Paradise,Coldplay,permanent wave,2012,140,59,45,-7,279,79
108,Payphone,Maroon 5,pop,2012,110,75,74,-5,231,79
109,What Makes You Beautiful,One Direction,boy band,2012,125,79,73,-2,200,78
110,I Knew You Were Trouble.,Taylor Swift,pop,2012,77,47,62,-7,220,77
111,Call Me Maybe,Carly Rae Jepsen,canadian pop,2012,120,58,78,-7,193,76
112,Love You Like A Love Song,Selena Gomez & The Scene,dance pop,2012,117,68,86,-4,188,76
113,Set Fire to the Rain,Adele,british soul,2012,108,68,61,-4,242,76
114,We Are Never Ever Getting Back Together,Taylor Swift,pop,2012,86,68,63,-6,193,75
115,Stronger (What Doesn't Kill You),Kelly Clarkson,dance pop,2012,116,94,56,-4,222,74
116,Try,P!nk,dance pop,2012,104,63,67,-7,248,74
117,Starships,Nicki Minaj,dance pop,2012,125,72,75,-2,211,73
118,One More Night,Maroon 5,pop,2012,93,82,72,-3,220,73
119,Good Time,Owl City,pop,2012,126,87,56,-4,206,73
120,Glad You Came,The Wanted,boy band,2012,127,85,72,-4,198,72
121,Beauty And A Beat,Justin Bieber,canadian pop,2012,128,84,60,-5,228,72
122,International Love,Pitbull,dance pop,2012,120,86,67,-3,227,72
123,Some Nights,fun.,baroque pop,2012,108,74,67,-7,277,72
124,Boyfriend,Justin Bieber,canadian pop,2012,97,55,72,-6,171,71
125,Part Of Me,Katy Perry,dance pop,2012,130,92,68,-5,216,71
126,Domino,Jessie J,australian pop,2012,127,55,76,-5,232,69
127,Where Have You Been,Rihanna,barbadian pop,2012,128,85,72,-6,243,68
128,Wide Awake,Katy Perry,dance pop,2012,160,68,51,-5,221,68
129,The One That Got Away,Katy Perry,dance pop,2012,134,80,69,-4,227,67
130,Dance Again,Jennifer Lopez,dance pop,2012,128,86,79,-5,237,66
131,Turn Up the Music,Chris Brown,dance pop,2012,130,84,59,-6,228,65
132,Lights - Single Version,Ellie Goulding,dance pop,2012,120,80,68,-6,211,65
133,We Are Young (feat. Janelle Monáe),fun.,baroque pop,2012,184,64,38,-6,251,63
134,Diamonds,Rihanna,barbadian pop,2012,92,71,56,-5,225,61
135,Don't Stop the Party (feat. TJR),Pitbull,dance pop,2012,127,96,72,-4,206,59
136,You Da One,Rihanna,barbadian pop,2012,127,72,70,-5,200,57
137,Stereo Hearts (feat. Adam Levine),Gym Class Heroes,dance pop,2012,90,80,65,-3,211,54
138,It Will Rain,Bruno Mars,pop,2012,150,84,58,-7,258,38
139,Blow Me (One Last Kiss),P!nk,dance pop,2012,114,92,60,-3,256,0
140,Underneath the Tree,Kelly Clarkson,dance pop,2013,160,81,51,-5,230,88
141,Wake Me Up,Avicii,big room,2013,124,78,53,-6,247,85
142,Story of My Life,One Direction,boy band,2013,121,66,60,-6,245,81
143,Just Give Me a Reason (feat. Nate Ruess),P!nk,dance pop,2013,95,55,78,-7,243,81
144,Hall of Fame,The Script,celtic rock,2013,85,87,42,-4,203,80
145,Roar,Katy Perry,dance pop,2013,180,77,55,-5,224,78
146,We Can't Stop,Miley Cyrus,dance pop,2013,80,62,61,-6,231,78
147,Don't You Worry Child - Radio Edit,Swedish House Mafia,big room,2013,129,84,61,-3,213,78
148,Get Lucky (feat. Pharrell Williams & Nile Rodgers) - Radio Edit,Daft Punk,electro,2013,116,81,79,-9,248,77
149,Wrecking Ball,Miley Cyrus,dance pop,2013,120,42,53,-6,221,77
150,Impossible,James Arthur,pop,2013,170,70,38,-5,209,77
151,Blurred Lines,Robin Thicke,dance pop,2013,120,60,85,-5,264,76
152,Heart Attack,Demi Lovato,dance pop,2013,174,79,50,-5,211,76
153,We Are Never Ever Getting Back Together,Taylor Swift,pop,2013,86,68,63,-6,193,75
154,Die Young,Kesha,dance pop,2013,128,70,71,-5,212,75
155,Clarity,Zedd,complextro,2013,128,78,51,-3,271,75
156,Summertime Sadness (Lana Del Rey Vs. Cedric Gervais) - Cedric Gervais Remix,Lana Del Rey,art pop,2013,126,81,57,-6,215,74
157,Under Control,Calvin Harris,dance pop,2013,126,92,54,-3,184,74
158,Everybody Talks,Neon Trees,indie pop,2013,155,92,47,-4,177,74
159,"Hold On, We're Going Home",Drake,canadian hip hop,2013,100,41,77,-7,228,73
160,Best Song Ever,One Direction,boy band,2013,118,88,65,-3,200,73
161,Kiss You,One Direction,boy band,2013,90,93,63,-3,183,73
162,Sweet Nothing (feat. Florence Welch),Calvin Harris,dance pop,2013,128,93,57,-4,213,72
163,Lose Yourself to Dance,Daft Punk,electro,2013,100,66,83,-8,354,72
164,Work Bitch,Britney Spears,dance pop,2013,128,82,63,-7,248,71
165,Brave,Sara Bareilles,acoustic pop,2013,185,84,55,-4,221,71
166,Can't Hold Us (feat. Ray Dalton),Macklemore & Ryan Lewis,dance pop,2013,146,93,63,-4,258,70
167,Feel This Moment (feat. Christina Aguilera),Pitbull,dance pop,2013,136,76,67,-4,230,70
168,Beneath Your Beautiful,Labrinth,pop,2013,84,52,56,-6,272,70
169,Let Me Love You (Until You Learn To Love Yourself),Ne-Yo,dance pop,2013,125,68,66,-7,252,70
170,Thrift Shop (feat. Wanz),Macklemore & Ryan Lewis,dance pop,2013,95,53,78,-7,236,69
171,If I Lose Myself - Alesso vs OneRepublic,OneRepublic,dance pop,2013,126,75,52,-6,215,69
172,The Way,Ariana Grande,dance pop,2013,82,88,65,-3,227,68
173,Suit & Tie,Justin Timberlake,dance pop,2013,102,60,80,-4,326,68
174,#thatPOWER,will.i.am,dance pop,2013,128,61,80,-6,280,68
175,I Love It (feat. Charli XCX),Icona Pop,candy pop,2013,126,91,71,-3,157,67
176,Play Hard (feat. Ne-Yo & Akon) - New Edit,David Guetta,dance pop,2013,130,87,72,-3,209,67
177,Daylight,Maroon 5,pop,2013,120,67,66,-5,225,66
178,Love Somebody,Maroon 5,pop,2013,120,78,68,-6,230,65
179,A Little Party Never Killed Nobody (All We Got),Fergie,dance pop,2013,130,62,76,-6,241,65
180,Move,Little Mix,dance pop,2013,121,74,85,-5,224,63
181,Walks Like Rihanna,The Wanted,boy band,2013,126,82,56,-3,202,62
182,Rock N Roll,Avril Lavigne,canadian pop,2013,184,96,47,-3,207,61
183,Heartbreaker,Justin Bieber,canadian pop,2013,105,52,56,-7,263,61
184,Mirrors - Radio Edit,Justin Timberlake,dance pop,2013,77,60,58,-6,277,60
185,Next To Me,Emeli Sandé,dance pop,2013,95,80,67,-5,197,60
186,Made In The USA,Demi Lovato,dance pop,2013,87,86,58,-4,196,60
187,Clown,Emeli Sandé,dance pop,2013,130,23,45,-8,221,60
188,Girl On Fire (feat. Nicki Minaj) - Inferno Version,Alicia Keys,hip pop,2013,93,81,55,-6,271,59
189,TKO,Justin Timberlake,dance pop,2013,138,68,61,-7,424,58
190,Come & Get It,Selena Gomez,dance pop,2013,80,79,55,-4,232,57
191,Live It Up,Jennifer Lopez,dance pop,2013,128,73,69,-5,244,57
192,We Own The Night,The Wanted,boy band,2013,104,94,55,-4,206,56
193,Atlas - From “The Hunger Games: Catching Fire” Soundtrack,Coldplay,permanent wave,2013,136,45,28,-8,236,55
194,What About Love,Austin Mahone,dance pop,2013,100,78,63,-7,203,54
195,Take Back the Night,Justin Timberlake,dance pop,2013,107,66,59,-5,353,54
196,Applause,Lady Gaga,dance pop,2013,140,78,67,-4,212,52
197,Anything Could Happen,Ellie Goulding,dance pop,2013,103,78,70,-4,286,52
198,Finally Found You,Enrique Iglesias,dance pop,2013,128,88,62,-5,221,52
199,Pom Poms,Jonas Brothers,boy band,2013,148,98,68,-2,198,52
200,#Beautiful,Mariah Carey,dance pop,2013,107,76,68,-5,200,51
201,How Ya Doin'? (feat. Missy Elliott),Little Mix,dance pop,2013,201,95,36,-3,211,50
202,Crazy Kids (feat. will.i.am),Kesha,dance pop,2013,128,75,72,-4,229,46
203,"Ooh La La (from ""The Smurfs 2"")",Britney Spears,dance pop,2013,128,57,69,-5,257,45
204,People Like Us,Kelly Clarkson,dance pop,2013,128,79,60,-5,259,45
205,Overdose,Ciara,dance pop,2013,107,70,77,-6,227,43
206,Right Now - Dyro Radio Edit,Rihanna,barbadian pop,2013,130,74,53,-6,186,42
207,Give It 2 U,Robin Thicke,dance pop,2013,127,83,67,-4,230,41
208,Foolish Games,Jewel,alaska indie,2013,132,34,51,-11,250,36
209,Outta Nowhere (feat. Danny Mercer),Pitbull,dance pop,2013,95,84,71,-4,207,35
210,Freak,Kelly Rowland,atl hip hop,2013,104,78,65,-5,274,28
211,All of Me,John Legend,neo mellow,2014,120,26,42,-7,270,86
212,Stay With Me,Sam Smith,pop,2014,84,42,42,-6,173,85
213,Summer,Calvin Harris,dance pop,2014,128,86,60,-4,223,80
214,"Happy - From ""Despicable Me 2""",Pharrell Williams,dance pop,2014,160,82,65,-5,233,79
215,Rude,MAGIC!,pop,2014,144,76,77,-5,225,79
216,Shake It Off,Taylor Swift,pop,2014,160,80,65,-5,219,78
217,Dark Horse,Katy Perry,dance pop,2014,132,59,65,-6,216,78
218,Hey Brother,Avicii,big room,2014,125,78,55,-5,255,78
219,Maps,Maroon 5,pop,2014,120,71,74,-6,190,78
220,Treasure,Bruno Mars,pop,2014,116,69,87,-5,179,77
221,Let Her Go,Passenger,folk-pop,2014,75,54,51,-7,253,77
222,Problem,Ariana Grande,dance pop,2014,103,81,66,-5,194,75
223,Pompeii,Bastille,metropopolis,2014,127,72,68,-6,214,73
224,Team,Lorde,art pop,2014,100,58,69,-7,193,73
225,Love Me Again,John Newman,pop,2014,126,89,50,-5,240,73
226,Latch,Disclosure,house,2014,122,73,50,-5,256,72
227,Adore You,Miley Cyrus,dance pop,2014,120,66,58,-5,279,72
228,Love Never Felt So Good,Michael Jackson,pop,2014,118,72,78,-6,246,71
229,Burn,Ellie Goulding,dance pop,2014,87,78,56,-5,231,71
230,She Looks So Perfect,5 Seconds of Summer,boy band,2014,160,95,49,-4,202,71
231,Fancy,Iggy Azalea,australian hip hop,2014,95,72,91,-4,200,70
232,Talk Dirty (feat. 2 Chainz),Jason Derulo,dance pop,2014,100,65,76,-7,178,68
233,Gorilla,Bruno Mars,pop,2014,140,54,72,-7,244,68
234,human,Christina Perri,dance pop,2014,144,49,44,-6,251,68
235,Young Girls,Bruno Mars,pop,2014,126,75,56,-5,229,67
236,Wiggle (feat. Snoop Dogg),Jason Derulo,dance pop,2014,82,62,70,-7,193,67
237,Love Runs Out,OneRepublic,dance pop,2014,120,93,72,-4,225,66
238,This Is How We Do,Katy Perry,dance pop,2014,96,64,69,-6,204,66
239,Mmm Yeah (feat. Pitbull),Austin Mahone,dance pop,2014,126,92,71,-4,232,65
240,A Little Party Never Killed Nobody (All We Got),Fergie,dance pop,2014,130,62,76,-6,241,65
241,#SELFIE,The Chainsmokers,electropop,2014,128,92,79,-3,184,65
242,Partition,Beyoncé,dance pop,2014,186,44,41,-12,319,65
243,Birthday,Katy Perry,dance pop,2014,126,67,72,-5,215,65
244,G.U.Y.,Lady Gaga,dance pop,2014,110,92,62,-3,233,65
245,Stay The Night - Featuring Hayley Williams Of Paramore,Zedd,complextro,2014,128,74,60,-3,217,64
246,"Let It Go - From ""Frozen / Single Version",Demi Lovato,dance pop,2014,140,66,50,-6,226,63
247,Wings,Birdy,neo mellow,2014,83,71,47,-5,252,62
248,Can't Remember to Forget You (feat. Rihanna),Shakira,colombian pop,2014,138,81,69,-4,207,62
249,Shot Me Down (feat. Skylar Grey) - Radio Edit,David Guetta,dance pop,2014,192,77,35,-4,191,61
250,Say Something,A Great Big World,neo mellow,2014,138,15,45,-9,229,61
251,A Sky Full of Stars,Coldplay,permanent wave,2014,125,68,55,-6,268,60
252,Come Get It Bae,Pharrell Williams,dance pop,2014,120,80,93,-6,202,59
253,Chandelier,Sia,australian dance,2014,174,78,29,-3,216,56
254,XO,Beyoncé,dance pop,2014,170,79,47,-9,216,56
255,We Are One (Ole Ola) [The Official 2014 FIFA World Cup Song],Pitbull,dance pop,2014,125,94,60,-4,222,56
256,Not About Angels,Birdy,neo mellow,2014,116,14,41,-10,190,56
257,Drunk in Love,Beyoncé,dance pop,2014,140,62,59,-7,323,52
258,Anaconda,Nicki Minaj,dance pop,2014,130,60,96,-6,260,50
259,Boom Clap - From the Motion Picture Das Schicksal ist ein mieser Verräter,Charli XCX,candy pop,2014,92,81,68,-4,169,50
260,La La La (Brasil 2014) (feat. Carlinhos Brown),Shakira,colombian pop,2014,128,82,80,-5,198,50
261,Tee Shirt - Soundtrack Version,Birdy,neo mellow,2014,76,34,68,-9,160,49
262,Words as Weapons,Birdy,neo mellow,2014,120,35,53,-9,239,44
263,You're Mine (Eternal),Mariah Carey,dance pop,2014,149,58,63,-7,224,38
264,Sheezus,Lily Allen,dance pop,2014,130,50,78,-7,235,37
265,Cannonball,Lea Michele,hollywood,2014,92,82,56,-3,215,37
266,It's On Again - Main Soundtrack,Alicia Keys,hip pop,2014,110,54,64,-9,230,30
267,I Luh Ya Papi,Jennifer Lopez,dance pop,2014,96,73,74,-6,207,28
268,Not a Bad Thing,Justin Timberlake,dance pop,2014,86,73,59,-6,266,0
269,Thinking out Loud,Ed Sheeran,pop,2015,79,45,78,-6,282,84
270,I'm Not The Only One,Sam Smith,pop,2015,82,49,68,-6,239,84
271,The Hills,The Weeknd,canadian contemporary r&b,2015,113,56,58,-7,242,84
272,Love Yourself,Justin Bieber,canadian pop,2015,100,38,61,-10,234,83
273,Uptown Funk,Mark Ronson,dance pop,2015,115,61,86,-7,270,82
274,Take Me To Church,Hozier,irish singer-songwriter,2015,129,66,57,-5,242,81
275,Sugar,Maroon 5,pop,2015,120,79,75,-7,235,81
276,Sorry,Justin Bieber,canadian pop,2015,100,76,65,-4,201,81
277,FourFiveSeconds,Rihanna,barbadian pop,2015,206,27,58,-6,188,80
278,"Love Me Like You Do - From ""Fifty Shades Of Grey""",Ellie Goulding,dance pop,2015,190,61,26,-7,253,79
279,"Earned It (Fifty Shades Of Grey) - From The ""Fifty Shades Of Grey"" Soundtrack",The Weeknd,canadian contemporary r&b,2015,120,38,66,-6,252,79
280,What Do You Mean?,Justin Bieber,canadian pop,2015,125,57,85,-8,206,79
281,Stitches,Shawn Mendes,canadian pop,2015,150,75,75,-7,207,78
282,Want to Want Me,Jason Derulo,dance pop,2015,114,68,78,-6,208,77
283,My House,Flo Rida,dance pop,2015,94,70,69,-5,192,77
284,Waves - Robin Schulz Radio Edit,Mr. Probz,tropical house,2015,120,51,83,-9,208,77
285,Night Changes,One Direction,boy band,2015,120,52,67,-8,227,77
286,How Deep Is Your Love,Calvin Harris,dance pop,2015,122,87,74,-4,213,77
287,Never Forget You,Zara Larsson,dance pop,2015,146,73,58,-6,213,77
288,Love Me Harder,Ariana Grande,dance pop,2015,99,71,47,-4,236,76
289,Animals,Maroon 5,pop,2015,190,74,28,-6,231,76
290,Blame,Calvin Harris,dance pop,2015,128,86,41,-4,213,76
291,Worth It,Fifth Harmony,dance pop,2015,100,77,88,-4,225,75
292,Break Free,Ariana Grande,dance pop,2015,130,70,69,-5,215,75
293,Don't,Ed Sheeran,pop,2015,95,61,81,-7,220,74
294,Elastic Heart,Sia,australian dance,2015,130,79,42,-5,257,73
295,Rather Be (feat. Jess Glynne),Clean Bandit,dance pop,2015,121,59,80,-7,228,73
296,Hello,Adele,british soul,2015,158,45,48,-6,295,73
297,Dear Future Husband,Meghan Trainor,dance pop,2015,79,78,66,-5,184,72
298,43776,Beyoncé,dance pop,2015,136,71,75,-5,214,72
299,The Heart Wants What It Wants,Selena Gomez,dance pop,2015,83,79,62,-5,227,72
300,"Hey Mama (feat. Nicki Minaj, Bebe Rexha & Afrojack)",David Guetta,dance pop,2015,86,73,60,-4,193,72
301,Genie In a Bottle,Christina Aguilera,dance pop,2015,176,80,63,-7,218,72
302,Company,Justin Bieber,canadian pop,2015,95,80,59,-5,208,72
303,Sing,Ed Sheeran,pop,2015,120,67,82,-4,235,71
304,Jealous - Remix,Nick Jonas,dance pop,2015,93,71,68,-4,222,70
305,Really Don't Care,Demi Lovato,dance pop,2015,121,73,71,-4,202,70
306,"Downtown (feat. Melle Mel, Grandmaster Caz, Kool Moe Dee & Eric Nally)",Macklemore & Ryan Lewis,dance pop,2015,110,61,83,-4,293,70
307,Only Love Can Hurt Like This,Paloma Faith,british soul,2015,91,89,57,-5,233,69
308,Heartbeat Song,Kelly Clarkson,dance pop,2015,149,80,49,-4,199,69
309,Up,Olly Murs,dance pop,2015,115,85,69,-5,224,69
310,Trumpets,Jason Derulo,dance pop,2015,82,70,63,-5,217,69
311,Runnin' (Lose It All),Naughty Boy,tropical house,2015,139,85,32,-6,213,69
312,Same Old Love,Selena Gomez,dance pop,2015,98,59,67,-4,229,69
313,I Want You To Know,Zedd,complextro,2015,130,85,58,-3,240,68
314,Lips Are Movin,Meghan Trainor,dance pop,2015,139,83,78,-5,183,68
315,I'll Show You,Justin Bieber,canadian pop,2015,192,61,36,-7,200,68
316,Here,Alessia Cara,canadian contemporary r&b,2015,120,82,38,-4,199,68
317,I Lived,OneRepublic,dance pop,2015,120,85,59,-5,235,67
318,Fireball (feat. John Ryan),Pitbull,dance pop,2015,123,94,69,-5,235,67
319,Easy Love,Sigala,dance pop,2015,124,94,68,-4,230,67
320,The Feeling,Justin Bieber,canadian pop,2015,127,81,53,-6,245,67
321,I Really Like You,Carly Rae Jepsen,canadian pop,2015,122,81,62,-5,205,66
322,BO$$,Fifth Harmony,dance pop,2015,103,87,81,-5,171,66
323,Sugar,Maroon 5,pop,2015,120,79,75,-7,235,66
324,Focus,Ariana Grande,dance pop,2015,100,88,67,-6,211,66
325,All About That Bass,Meghan Trainor,dance pop,2015,134,88,81,-4,189,65
326,On My Mind,Ellie Goulding,dance pop,2015,155,71,70,-7,213,65
327,Love Me Like You,Little Mix,dance pop,2015,106,67,79,-4,198,65
328,Broken Arrows,Avicii,big room,2015,116,67,63,-7,233,65
329,Booty,Jennifer Lopez,dance pop,2015,129,95,71,-4,210,64
330,What Do You Mean? - Acoustic,Justin Bieber,canadian pop,2015,125,36,77,-11,204,64
331,Mark My Words,Justin Bieber,canadian pop,2015,114,26,38,-9,134,63
332,Lay It All on Me,Rudimental,dance pop,2015,123,75,67,-7,242,62
333,American Oxygen,Rihanna,barbadian pop,2015,78,75,39,-6,320,61
334,Bang Bang,Jessie J,australian pop,2015,150,75,71,-4,199,61
335,Reality - Radio Edit,Lost Frequencies,belgian edm,2015,122,70,71,-8,159,61
336,Alive,Sia,australian dance,2015,100,76,51,-4,264,61
337,Sugar (feat. Francesco Yates),Robin Schulz,dance pop,2015,123,82,64,-5,219,60
338,Been You,Justin Bieber,canadian pop,2015,113,78,74,-6,199,60
339,Prayer in C - Robin Schulz Radio Edit,Lilly Wood and The Prick,french indie pop,2015,123,89,76,-5,189,58
340,See You Again (feat. Charlie Puth),Wiz Khalifa,hip hop,2015,80,48,69,-8,230,56
341,Heroes (we could be),Alesso,big room,2015,126,75,52,-4,210,56
342,"Feel The Light - From The ""Home"" Soundtrack",Jennifer Lopez,dance pop,2015,156,60,47,-6,292,55
343,Perfect,One Direction,boy band,2015,100,82,65,-5,230,55
344,Ghosttown,Madonna,dance pop,2015,79,55,54,-7,250,54
345,Bang My Head (feat. Sia & Fetty Wap),David Guetta,dance pop,2015,108,87,60,-4,193,54
346,Bloodstream,Ed Sheeran,pop,2015,89,59,48,-6,309,52
347,Living For Love,Madonna,dance pop,2015,123,79,67,-5,219,52
348,Baby Don't Lie,Gwen Stefani,dance pop,2015,100,55,69,-5,203,52
349,Don't Be so Hard on Yourself,Jess Glynne,dance pop,2015,120,82,57,-3,211,52
350,Steal My Girl,One Direction,boy band,2015,77,76,47,-6,227,51
351,"Celebrate (From the Original Motion Picture ""Penguins of Madagascar"")",Pitbull,dance pop,2015,127,85,68,-3,193,50
352,We Are Here,Alicia Keys,hip pop,2015,93,67,64,-6,285,49
353,St Jude,Florence + The Machine,art pop,2015,117,43,26,-11,225,47
354,Yesterday (feat. Bebe Rexha),David Guetta,dance pop,2015,128,78,57,-4,243,46
355,Time of Our Lives,Pitbull,dance pop,2015,124,80,72,-6,229,45
356,Sparks,Hilary Duff,dance pop,2015,122,88,85,-5,186,44
357,Mr. Put It Down,Ricky Martin,dance pop,2015,128,78,80,-6,196,42
358,Legendary Lovers,Katy Perry,dance pop,2015,126,84,62,-5,224,41
359,Spark The Fire,Gwen Stefani,dance pop,2015,120,80,88,-4,202,39
360,Run Run Run,Kelly Clarkson,dance pop,2015,112,37,28,-7,273,36
361,Let Me Be Your Lover,Enrique Iglesias,dance pop,2015,112,90,72,-4,238,34
362,Dangerous,Jennifer Hudson,dance pop,2015,109,53,90,-5,255,18
363,L.A.LOVE (la la),Fergie,dance pop,2015,202,39,48,-8,193,0
364,The Hills,The Weeknd,canadian contemporary r&b,2016,113,56,58,-7,242,84
365,Love Yourself,Justin Bieber,canadian pop,2016,100,38,61,-10,234,83
366,Cake By The Ocean,DNCE,dance pop,2016,119,75,77,-5,219,81
367,Don't Let Me Down,The Chainsmokers,electropop,2016,160,87,53,-5,208,81
368,In the Name of Love,Martin Garrix,big room,2016,134,52,50,-6,196,81
369,Into You,Ariana Grande,dance pop,2016,108,73,62,-6,244,80
370,This Is What You Came For,Calvin Harris,dance pop,2016,124,93,63,-3,222,80
371,Million Reasons,Lady Gaga,dance pop,2016,130,42,67,-8,205,80
372,Needed Me,Rihanna,barbadian pop,2016,111,31,67,-8,192,80
373,7 Years,Lukas Graham,danish pop,2016,120,47,77,-6,237,80
374,"CAN'T STOP THE FEELING! (Original Song from DreamWorks Animation's ""TROLLS"")",Justin Timberlake,dance pop,2016,113,83,67,-6,236,79
375,Work from Home (feat. Ty Dolla $ign),Fifth Harmony,dance pop,2016,105,59,80,-6,214,79
376,Scars To Your Beautiful,Alessia Cara,canadian contemporary r&b,2016,97,74,57,-6,230,79
377,Like I'm Gonna Lose You (feat. John Legend),Meghan Trainor,dance pop,2016,108,53,63,-7,225,79
378,Work,Rihanna,barbadian pop,2016,92,53,73,-6,219,78
379,Stitches,Shawn Mendes,canadian pop,2016,150,75,75,-7,207,78
380,"Me, Myself & I",G-Eazy,hip hop,2016,112,67,76,-7,251,78
381,I Took A Pill In Ibiza - Seeb Remix,Mike Posner,dance pop,2016,102,71,66,-7,198,78
382,Dangerous Woman,Ariana Grande,dance pop,2016,134,60,66,-5,236,78
383,Starving,Hailee Steinfeld,dance pop,2016,100,62,73,-4,182,78
384,Shout Out to My Ex,Little Mix,dance pop,2016,126,75,77,-4,246,77
385,Electric Love,BØRNS,electropop,2016,120,80,61,-8,218,76
386,Confident,Demi Lovato,dance pop,2016,130,75,59,-6,206,75
387,Too Good,Drake,canadian hip hop,2016,118,65,79,-8,263,74
388,Roses,The Chainsmokers,electropop,2016,100,80,71,-7,227,74
389,Cold Water (feat. Justin Bieber & MØ),Major Lazer,dance pop,2016,93,80,61,-5,185,73
390,Me Too,Meghan Trainor,dance pop,2016,124,69,93,-6,181,73
391,Light It Up (feat. Nyla & Fuse ODG) [Remix],Major Lazer,dance pop,2016,108,88,75,-4,166,73
392,Ain't Your Mama,Jennifer Lopez,dance pop,2016,120,68,76,-6,218,72
393,Close,Nick Jonas,dance pop,2016,124,62,65,-5,234,72
394,Toothbrush,DNCE,dance pop,2016,105,79,55,-6,232,72
395,All We Know,The Chainsmokers,electropop,2016,90,59,66,-9,194,72
396,Final Song,MØ,dance pop,2016,105,67,70,-6,236,72
397,Company,Justin Bieber,canadian pop,2016,95,80,59,-5,208,72
398,Hands To Myself,Selena Gomez,dance pop,2016,111,50,81,-7,201,71
399,All I Ask,Adele,british soul,2016,142,28,59,-5,272,71
400,"Just Like Fire (From the Original Motion Picture ""Alice Through The Looking Glass"")",P!nk,dance pop,2016,163,70,63,-6,215,71
401,NO,Meghan Trainor,dance pop,2016,92,80,56,-4,214,70
402,Kill Em With Kindness,Selena Gomez,dance pop,2016,120,88,76,-5,218,70
403,Cool Girl,Tove Lo,dance pop,2016,102,69,67,-7,199,69
404,Runnin' (Lose It All),Naughty Boy,tropical house,2016,139,85,32,-6,213,69
405,Here,Alessia Cara,canadian contemporary r&b,2016,120,82,38,-4,199,68
406,Perfect Illusion,Lady Gaga,dance pop,2016,125,86,61,-5,182,67
407,PILLOWTALK,ZAYN,dance pop,2016,125,70,59,-4,204,66
408,Out Of The Woods,Taylor Swift,pop,2016,92,84,55,-7,236,66
409,Rise,Katy Perry,dance pop,2016,101,64,55,-6,203,66
410,Wherever I Go,OneRepublic,dance pop,2016,100,69,55,-6,170,66
411,Body Say,Demi Lovato,dance pop,2016,87,74,63,-5,194,65
412,Don't Be A Fool,Shawn Mendes,canadian pop,2016,175,34,47,-6,216,65
413,LIKE I WOULD,ZAYN,dance pop,2016,113,83,56,-6,192,65
414,Cheap Thrills,Sia,australian dance,2016,90,80,59,-5,225,64
415,I Got You,Bebe Rexha,dance pop,2016,98,89,61,-5,192,64
416,Run Away With Me,Carly Rae Jepsen,canadian pop,2016,119,72,56,-6,251,63
417,Cruel (feat. ZAYN),Snakehips,dance pop,2016,110,88,60,-4,228,63
418,Send My Love (To Your New Lover),Adele,british soul,2016,164,52,69,-8,223,61
419,WTF (Where They From),Missy Elliott,dance pop,2016,120,82,93,-3,193,58
420,Desire,Years & Years,dance pop,2016,126,78,71,-5,203,58
421,When We Were Young,Adele,british soul,2016,144,59,38,-6,291,58
422,I Know What You Did Last Summer,Shawn Mendes,canadian pop,2016,114,77,68,-5,224,57
423,Wish That You Were Here - From “Miss Peregrine’s Home for Peculiar Children” Original Motion Picture,Florence + The Machine,art pop,2016,94,57,37,-6,403,57
424,Hurts,Emeli Sandé,dance pop,2016,106,64,58,-8,238,57
425,Change,Christina Aguilera,dance pop,2016,82,54,62,-6,187,54
426,Make Me... (feat. G-Eazy),Britney Spears,dance pop,2016,123,70,70,-7,231,53
427,Keeping Your Head Up,Birdy,neo mellow,2016,122,78,60,-5,208,52
428,True Colors,Zedd,complextro,2016,126,79,57,-3,225,51
429,Make Me Like You,Gwen Stefani,dance pop,2016,118,71,74,-5,217,50
430,Champagne Problems,Nick Jonas,dance pop,2016,108,78,73,-5,193,50
431,Blown,DNCE,dance pop,2016,130,95,63,-5,197,48
432,Start,John Legend,neo mellow,2016,110,4,52,-15,310,47
433,Pep Rally,Missy Elliott,dance pop,2016,90,75,83,-4,263,47
434,Higher,Carly Rae Jepsen,canadian pop,2016,114,87,65,-5,234,46
435,Invitation,Britney Spears,dance pop,2016,112,65,37,-7,200,44
436,One Call Away (feat. Tyga) - Remix,Charlie Puth,dance pop,2016,91,69,75,-5,192,41
437,Beautiful Birds (feat. Birdy),Passenger,folk-pop,2016,86,17,39,-13,214,36
438,Little Lies,Hilary Duff,dance pop,2016,124,76,57,-6,204,36
439,Do You Wanna Come Over?,Britney Spears,dance pop,2016,121,70,75,-6,203,34
440,BURNITUP!,Janet Jackson,dance pop,2016,123,71,83,-7,250,31
441,Picky - Remix,Joey Montana,latin,2016,186,81,70,-3,225,29
442,Behind Your Back,Nelly Furtado,canadian latin,2016,98,47,80,-10,228,18
443,Million Years Ago,Adele,british soul,2016,0,0,0,-60,227,0
444,Shape of You,Ed Sheeran,pop,2017,96,65,83,-3,234,87
445,Closer,The Chainsmokers,electropop,2017,95,52,75,-6,245,86
446,Starboy,The Weeknd,canadian contemporary r&b,2017,186,59,68,-7,230,85
447,Treat You Better,Shawn Mendes,canadian pop,2017,83,82,44,-4,188,84
448,That's What I Like,Bruno Mars,pop,2017,134,56,85,-5,207,83
449,Let Me Love You,DJ Snake,electronic trap,2017,100,72,65,-5,206,82
450,I Feel It Coming,The Weeknd,canadian contemporary r&b,2017,93,82,77,-6,269,81
451,Mercy,Shawn Mendes,canadian pop,2017,148,66,56,-5,209,81
452,Side To Side,Ariana Grande,dance pop,2017,159,74,65,-6,226,80
453,Stay,Zedd,complextro,2017,102,62,69,-5,210,80
454,It Ain't Me (with Selena Gomez),Kygo,edm,2017,100,53,64,-7,221,79
455,Malibu,Miley Cyrus,dance pop,2017,140,78,57,-6,232,78
456,Something Just Like This,The Chainsmokers,electropop,2017,103,65,61,-7,248,78
457,Rockabye (feat. Sean Paul & Anne-Marie),Clean Bandit,dance pop,2017,102,76,72,-4,251,78
458,I Don’t Wanna Live Forever (Fifty Shades Darker),ZAYN,dance pop,2017,118,45,74,-8,245,78
459,My Way,Calvin Harris,dance pop,2017,120,91,82,-3,219,78
460,"I'm the One (feat. Justin Bieber, Quavo, Chance the Rapper & Lil Wayne)",DJ Khaled,dance pop,2017,81,67,61,-4,289,77
461,Praying,Kesha,dance pop,2017,73,39,58,-7,230,77
462,Despacito - Remix,Luis Fonsi,latin,2017,178,82,65,-4,229,76
463,The Greatest,Sia,australian dance,2017,192,73,67,-6,210,76
464,There for You,Martin Garrix,big room,2017,106,64,61,-8,222,76
465,Paris,The Chainsmokers,electropop,2017,100,64,65,-7,222,76
466,Crying in the Club,Camila Cabello,dance pop,2017,85,62,33,-6,216,75
467,Mama,Jonas Blue,dance pop,2017,104,79,74,-4,184,75
468,Slide (feat. Frank Ocean & Migos),Calvin Harris,dance pop,2017,104,80,74,-3,231,75
469,Swish Swish,Katy Perry,dance pop,2017,120,71,84,-5,243,73
470,Chained To The Rhythm,Katy Perry,dance pop,2017,190,80,45,-5,238,72
471,Cold (feat. Future),Maroon 5,pop,2017,100,72,69,-6,234,72
472,Love,Lana Del Rey,art pop,2017,99,37,53,-11,273,72
473,Reggaetón Lento (Remix),CNCO,boy band,2017,94,91,53,-3,189,71
474,All I Ask,Adele,british soul,2017,142,28,59,-5,272,71
475,First Time,Kygo,edm,2017,90,59,63,-7,194,71
476,The Cure,Lady Gaga,dance pop,2017,100,51,70,-5,211,71
477,"How Far I'll Go - From ""Moana""",Alessia Cara,canadian contemporary r&b,2017,181,54,31,-10,176,71
478,Bodak Yellow,Cardi B,pop,2017,125,72,93,-6,224,70
479,Rich Love (with Seeb),OneRepublic,dance pop,2017,105,87,40,-4,201,70
480,Tired,Alan Walker,electro house,2017,124,88,69,-4,192,70
481,Came Here for Love,Sigala,dance pop,2017,125,87,71,-3,203,70
482,24K Magic,Bruno Mars,pop,2017,107,80,82,-4,226,69
483,Strip That Down (feat. Quavo),Liam Payne,dance pop,2017,106,50,87,-5,202,69
484,Cut To The Feeling,Carly Rae Jepsen,canadian pop,2017,115,91,71,-3,208,69
485,OK - Spotify Version,Robin Schulz,dance pop,2017,122,81,65,-6,189,69
486,Bon appétit,Katy Perry,dance pop,2017,106,79,80,-6,228,68
487,Summer Bummer (feat. A$AP Rocky & Playboi Carti),Lana Del Rey,art pop,2017,135,57,76,-9,261,67
488,Get Low (with Liam Payne),Zedd,complextro,2017,108,93,72,-4,205,66
489,Kissing Strangers,DNCE,dance pop,2017,120,74,77,-6,202,66
490,Slow Hands,Niall Horan,dance pop,2017,86,42,74,-7,188,64
491,Younger Now,Miley Cyrus,dance pop,2017,122,87,55,-5,249,62
492,Body Moves,DNCE,dance pop,2017,102,69,65,-5,236,62
493,Reality (feat. Janieck Devy) - Radio Edit,Lost Frequencies,belgian edm,2017,122,64,73,-7,158,59
494,Angel,Fifth Harmony,dance pop,2017,124,53,74,-6,189,59
495,Touch (feat. Kid Ink),Little Mix,dance pop,2017,102,75,64,-4,203,59
496,We Don't Talk Anymore - DROELOE Remix,Charlie Puth,dance pop,2017,100,82,70,-5,218,59
497,Love Incredible (feat. Camila Cabello),Cashmere Cat,downtempo,2017,167,50,37,-9,180,59
498,No Vacancy (with Sebastián Yatra),OneRepublic,dance pop,2017,100,76,69,-4,223,57
499,Rich Boy,Galantis,big room,2017,110,90,74,-2,184,55
500,Lust for Life (with The Weeknd),Lana Del Rey,art pop,2017,100,67,51,-9,264,54
501,Greenlight (feat. Flo Rida & LunchMoney Lewis),Pitbull,dance pop,2017,115,83,70,-6,245,54
502,Influence,Tove Lo,dance pop,2017,105,59,77,-10,225,54
503,Remember I Told You,Nick Jonas,dance pop,2017,113,53,68,-6,202,53
504,Messin' Around,Pitbull,dance pop,2017,158,81,57,-5,223,51
505,Water Under the Bridge,Adele,british soul,2017,95,84,60,-7,240,49
506,Free Me,Sia,australian dance,2017,87,46,27,-4,286,44
507,Kissing Strangers - Remix,DNCE,dance pop,2017,120,77,76,-6,202,43
508,A L I E N S,Coldplay,permanent wave,2017,148,88,43,-5,282,41
509,One Kiss (with Dua Lipa),Calvin Harris,dance pop,2018,124,86,79,-3,215,86
510,Havana (feat. Young Thug),Camila Cabello,dance pop,2018,105,52,77,-4,217,85
511,I Like It,Cardi B,pop,2018,136,73,82,-4,253,85
512,New Rules,Dua Lipa,dance pop,2018,116,70,76,-6,209,84
513,There's Nothing Holdin' Me Back,Shawn Mendes,canadian pop,2018,122,81,87,-4,199,84
514,no tears left to cry,Ariana Grande,dance pop,2018,122,71,70,-6,206,84
515,IDGAF,Dua Lipa,dance pop,2018,97,54,84,-6,218,84
516,In My Blood,Shawn Mendes,canadian pop,2018,140,71,62,-7,211,83
517,Wolves,Selena Gomez,dance pop,2018,125,80,72,-5,198,83
518,Dusk Till Dawn - Radio Edit,ZAYN,dance pop,2018,180,44,26,-7,239,83
519,Attention,Charlie Puth,dance pop,2018,100,61,78,-5,209,83
520,Electricity (with Dua Lipa),Silk City,edm,2018,118,67,59,-6,238,82
521,Love On The Brain,Rihanna,barbadian pop,2018,172,64,51,-5,224,82
522,"Let Me Go (with Alesso, Florida Georgia Line & watt)",Hailee Steinfeld,dance pop,2018,103,71,66,-4,175,82
523,Silence,Marshmello,brostep,2018,142,76,52,-3,181,82
524,Sorry Not Sorry,Demi Lovato,dance pop,2018,144,64,71,-7,204,81
525,Shallow - Radio Edit,Lady Gaga,dance pop,2018,96,33,57,-7,217,80
526,These Days,Rudimental,dance pop,2018,92,81,65,-4,211,80
527,What Lovers Do (feat. SZA),Maroon 5,pop,2018,110,60,80,-5,200,79
528,Finesse - Remix; feat. Cardi B,Bruno Mars,pop,2018,105,86,70,-5,217,78
529,Perfect Duet (Ed Sheeran & Beyoncé),Ed Sheeran,pop,2018,95,30,59,-7,260,78
530,Bad At Love,Halsey,dance pop,2018,118,75,68,-4,181,78
531,Him & I (with Halsey),G-Eazy,hip hop,2018,88,73,59,-6,269,78
532,Friends (with BloodPop®),Justin Bieber,canadian pop,2018,105,73,74,-5,189,77
533,Wild Thoughts (feat. Rihanna & Bryson Tiller),DJ Khaled,dance pop,2018,98,67,67,-3,204,76
534,My My My!,Troye Sivan,dance pop,2018,103,46,70,-8,205,76
535,Capital Letters,Hailee Steinfeld,dance pop,2018,100,81,66,-6,219,76
536,Sick Boy,The Chainsmokers,electropop,2018,90,58,66,-8,193,76
537,Tequila,Dan + Shay,contemporary country,2018,86,59,47,-6,196,76
538,Look What You Made Me Do,Taylor Swift,pop,2018,128,71,77,-6,212,75
539,Youth (feat. Khalid),Shawn Mendes,canadian pop,2018,100,60,53,-7,191,75
540,Bad Liar,Selena Gomez,dance pop,2018,121,41,97,-6,215,75
541,Anywhere,Rita Ora,dance pop,2018,107,80,63,-4,215,74
542,Say Something,Justin Timberlake,dance pop,2018,97,63,71,-7,279,74
543,Chun-Li,Nicki Minaj,dance pop,2018,129,73,69,-5,192,73
544,Sign of the Times,Harry Styles,dance pop,2018,120,57,52,-5,341,72
545,Familiar,Liam Payne,dance pop,2018,93,81,64,-5,197,72
546,Let Me,ZAYN,dance pop,2018,168,57,46,-6,185,72
547,Supernova,Ansel Elgort,dance pop,2018,140,62,77,-5,191,72
548,Nervous,Shawn Mendes,canadian pop,2018,122,62,84,-7,164,71
549,First Time,Kygo,edm,2018,90,59,63,-7,194,71
550,End Game,Taylor Swift,pop,2018,159,59,65,-6,245,70
551,Mi Gente (feat. Beyoncé),J Balvin,latin,2018,105,72,76,-6,210,68
552,Lemon,N.E.R.D,hip hop,2018,95,73,92,-7,220,68
553,For You (With Rita Ora),Liam Payne,dance pop,2018,113,80,54,-5,243,67
554,Want To,Dua Lipa,dance pop,2018,92,69,57,-5,212,67
555,What I Need (feat. Kehlani),Hayley Kiyoko,dance pop,2018,104,79,63,-4,220,67
556,Wait,Maroon 5,pop,2018,126,60,66,-5,191,67
557,What About Us,P!nk,dance pop,2018,114,59,39,-6,272,66
558,Kissing Strangers,DNCE,dance pop,2018,120,74,77,-6,202,66
559,2U (feat. Justin Bieber),David Guetta,dance pop,2018,145,61,53,-7,195,65
560,Walk On Water (feat. Beyoncé),Eminem,detroit hip hop,2018,82,44,48,-10,304,65
561,This Town,Niall Horan,dance pop,2018,112,41,68,-8,233,64
562,"Girls (feat. Cardi B, Bebe Rexha & Charli XCX)",Rita Ora,dance pop,2018,94,69,73,-4,221,64
563,MOVE TO MIAMI,Enrique Iglesias,dance pop,2018,100,87,76,-4,169,64
564,Miss You (with Major Lazer & Tory Lanez),Cashmere Cat,downtempo,2018,100,64,75,-5,186,64
565,Filthy,Justin Timberlake,dance pop,2018,97,58,75,-6,294,62
566,Never Be the Same - Radio Edit,Camila Cabello,dance pop,2018,130,69,63,-4,227,57
567,Ferrari,Bebe Rexha,dance pop,2018,77,48,58,-6,213,57
568,Supplies,Justin Timberlake,dance pop,2018,120,55,79,-7,226,57
569,Boom Boom,RedOne,moroccan pop,2018,110,76,75,-8,248,53
570,...Ready For It? - BloodPop® Remix,Taylor Swift,pop,2018,160,84,58,-5,190,52
571,Drip (feat. Migos),Cardi B,pop,2018,130,59,97,-8,264,45
572,Tell Me You Love Me - NOTD Remix,Demi Lovato,dance pop,2018,102,77,58,-5,182,44
573,Memories,Maroon 5,pop,2019,91,32,76,-7,189,99
574,Lose You To Love Me,Selena Gomez,dance pop,2019,102,34,51,-9,206,97
575,Someone You Loved,Lewis Capaldi,pop,2019,110,41,50,-6,182,96
576,Señorita,Shawn Mendes,canadian pop,2019,117,54,76,-6,191,95
577,How Do You Sleep?,Sam Smith,pop,2019,111,68,48,-5,202,93
578,South of the Border (feat. Camila Cabello & Cardi B),Ed Sheeran,pop,2019,98,62,86,-6,204,92
579,Trampoline (with ZAYN),SHAED,electropop,2019,127,46,62,-6,184,92
580,Happier,Marshmello,brostep,2019,100,79,69,-3,214,90
581,Truth Hurts,Lizzo,escape room,2019,158,62,72,-3,173,90
582,Good as Hell (feat. Ariana Grande) - Remix,Lizzo,escape room,2019,96,89,67,-3,159,90
583,Higher Love,Kygo,edm,2019,104,68,69,-7,228,88
584,Only Human,Jonas Brothers,boy band,2019,94,50,80,-6,183,87
585,Beautiful People (feat. Khalid),Ed Sheeran,pop,2019,93,65,64,-8,198,86
586,Sucker,Jonas Brothers,boy band,2019,138,73,84,-5,181,86
587,Don't Call Me Up,Mabel,dance pop,2019,99,88,67,-3,178,86
588,I Don't Care (with Justin Bieber),Ed Sheeran,pop,2019,102,68,80,-5,220,85
589,Talk (feat. Disclosure),Khalid,alternative r&b,2019,136,40,90,-9,198,84
590,Giant (with Rag'n'Bone Man),Calvin Harris,dance pop,2019,122,89,81,-4,229,84
591,Takeaway,The Chainsmokers,electropop,2019,100,51,53,-8,210,83
592,All Around The World (La La La),R3HAB,big room,2019,125,86,73,-5,148,82
593,Girls Like You (feat. Cardi B),Maroon 5,pop,2019,125,54,85,-7,236,81
594,Call You Mine,The Chainsmokers,electropop,2019,104,70,59,-6,218,81
595,No Guidance (feat. Drake),Chris Brown,dance pop,2019,93,45,70,-7,261,81
596,Antisocial (with Travis Scott),Ed Sheeran,pop,2019,152,82,72,-5,162,78
597,"Taki Taki (feat. Selena Gomez, Ozuna & Cardi B)",DJ Snake,electronic trap,2019,96,80,84,-4,213,77
598,Con Calma - Remix,Daddy Yankee,latin,2019,94,87,74,-3,181,76
599,Find U Again (feat. Camila Cabello),Mark Ronson,dance pop,2019,104,66,61,-7,176,75
600,Cross Me (feat. Chance the Rapper & PnB Rock),Ed Sheeran,pop,2019,95,79,75,-6,206,75
601,"No Brainer (feat. Justin Bieber, Chance the Rapper & Quavo)",DJ Khaled,dance pop,2019,136,76,53,-5,260,70
602,Nothing Breaks Like a Heart (feat. Miley Cyrus),Mark Ronson,dance pop,2019,114,79,60,-6,217,69
603,Kills You Slowly,The Chainsmokers,electropop,2019,150,44,70,-9,213,67
